Decode Token Id,decode_token_execution_plus_preemption_time_list
0_0_-1,0.0
0_0_0,0.0
0_0_1,0.3583199889399111
0_1_-1,0.0
0_0_2,0.35457320406567305
0_1_0,0.0
0_2_-1,0.0
0_0_3,0.11521757789887488
0_1_1,0.11521636904217303
0_2_0,0.0
0_3_-1,0.0
0_0_4,0.11878095800057054
0_1_2,0.11868062999565154
0_2_1,0.11858162202406675
0_3_0,0.0
0_0_5,0.11129480903036892
0_1_3,0.11139837594237179
0_2_2,0.11149776598904282
0_3_1,0.11156713694799691
0_0_6,0.10983008798211813
0_1_4,0.1098604480503127
0_2_3,0.10984566307161003
0_3_2,0.10984287201426923
0_0_7,0.1342958820750937
0_1_5,0.13416093692649156
0_2_4,0.13407554593868554
0_3_3,0.13400136807467788
0_0_8,0.10962234600447118
0_1_6,0.1097201150842011
0_2_5,0.10979669308289886
0_3_4,0.10986246890388429
0_0_9,0.11160416400525719
0_1_7,0.11166558496188372
0_2_6,0.11166965798474848
0_3_5,0.11167259805370122
0_0_10,0.11539083998650312
0_1_8,0.11522317898925394
0_2_7,0.11514313600491732
0_3_6,0.1150727909989655
0_0_11,0.10904192097950727
0_1_9,0.1091452679829672
0_2_8,0.10921974992379546
0_3_7,0.10929316293913871
0_0_12,0.11198815901298076
0_1_10,0.11201126303058118
0_2_9,0.11201286606956273
0_3_8,0.11200852110050619
0_0_13,0.11543939902912825
0_1_11,0.11532100103795528
0_2_10,0.1152549060061574
0_3_9,0.11518914392217994
0_0_14,0.11812052293680608
0_1_12,0.1182525249896571
0_2_11,0.11831998801790178
0_3_10,0.11838705802801996
0_0_15,0.1350023050326854
0_1_13,0.13504787895362824
0_2_12,0.13505811896175146
0_3_11,0.13506198802497238
0_1_14,0.35013672697823495
0_2_13,0.3502432060195133
0_3_12,0.35026887198910117
0_1_15,0.10755094897467643
0_2_14,0.10757995001040399
0_3_13,0.1075736329657957
0_4_-1,0.0
0_2_15,0.351525169913657
0_3_14,0.35166744503658265
0_4_0,0.0
0_3_15,0.354625693988055
0_4_1,0.35473337897565216
0_5_-1,0.0
0_4_2,0.3514475660631433
0_5_0,0.0
0_6_-1,0.0
0_4_3,0.12076790898572654
0_5_1,0.12076667591463774
0_6_0,0.0
0_7_-1,0.0
0_4_4,0.12892246793489903
0_5_2,0.1289055960951373
0_6_1,0.12889124802313745
0_7_0,0.0
0_4_5,0.10834859509486705
0_5_3,0.10834957694169134
0_6_2,0.10835119592957199
0_7_1,0.10834189807064831
0_4_6,0.10450796992518008
0_5_4,0.10455460206139833
0_6_3,0.10455434408504516
0_7_2,0.10455867799464613
0_4_7,0.10895234206691384
0_5_5,0.1089117539813742
0_6_4,0.10890446091070771
0_7_3,0.1088920219335705
0_4_8,0.10474804800469428
0_5_6,0.10473262902814895
0_6_5,0.1047345920233056
0_7_4,0.10476280306465924
0_4_9,0.1138738029403612
0_5_7,0.11388005898334086
0_6_6,0.1138749229721725
0_7_5,0.11384690296836197
0_4_10,0.11380066897254437
0_5_8,0.1137973649892956
0_6_7,0.11380133300554007
0_7_6,0.11380120203830302
0_4_11,0.10482815699651837
0_5_9,0.10481303895357996
0_6_8,0.1048098070314154
0_7_7,0.10480835800990462
0_4_12,0.11593562306370586
0_5_10,0.11595122900325805
0_6_9,0.11595661798492074
0_7_8,0.115958530921489
0_4_13,0.11537846201099455
0_5_11,0.1153774670092389
0_6_10,0.11537059198599309
0_7_9,0.11537181900348514
0_4_14,0.10211730492301285
0_5_12,0.10212577704805881
0_6_11,0.10213003598619252
0_7_10,0.10215169901493937
0_4_15,0.10350105003453791
0_5_13,0.103511378983967
0_6_12,0.10351541498675942
0_7_11,0.1034952379995957
0_5_14,0.11955210997257382
0_6_13,0.11968453309964389
0_7_12,0.11970061296597123
0_5_15,0.09933991404250264
0_6_14,0.09932696190662682
0_7_13,0.09932509809732437
0_6_15,0.10184798005502671
0_7_14,0.10198718099854887
0_7_15,0.11381947598420084
