Request Id,request_preemption_time,cdf
0_99,0.03417627309681848,0.0078125
0_113,0.08279281109571457,0.015625
0_100,0.24390640656929463,0.0234375
0_82,0.2686322330846451,0.03125
0_57,0.8110768771148287,0.0390625
0_78,0.8579104259843007,0.046875
0_55,0.8777774656191468,0.0546875
0_125,0.9381421851576306,0.0625
0_127,1.0856652421643957,0.0703125
0_65,1.2413368088309653,0.078125
0_126,1.3732437481521629,0.0859375
0_119,1.4319706239621155,0.09375
0_54,1.4906697272090241,0.1015625
0_89,1.507896362862084,0.109375
0_72,1.5390243969741277,0.1171875
0_60,1.7950378700043075,0.125
0_124,1.9778626188635826,0.1328125
0_123,2.0937611687695608,0.140625
0_122,2.159825805167202,0.1484375
0_116,2.2499110622447915,0.15625
0_96,2.314517898892518,0.1640625
0_69,2.5639120248379186,0.171875
0_120,2.620568308630027,0.1796875
0_121,2.8218299061991274,0.1875
0_117,2.8365207244060002,0.1953125
0_118,3.3870868063531816,0.203125
0_115,3.495615142164752,0.2109375
0_45,3.851030719000846,0.21875
0_35,3.893193593074102,0.2265625
0_48,3.9728427450172603,0.234375
0_110,4.101984069799073,0.2421875
0_112,4.567819224554114,0.25
0_114,4.7467916562454775,0.2578125
0_107,4.785163608321454,0.265625
0_111,5.051167294732295,0.2734375
0_81,5.094063875963911,0.28125
0_36,5.265669509128202,0.2890625
0_46,5.39068386395229,0.296875
0_51,5.592742086679209,0.3046875
0_41,5.598206201335415,0.3125
0_108,5.89481841615634,0.3203125
0_109,5.9054424077039585,0.328125
0_70,6.035438800172415,0.3359375
0_58,6.18317947210744,0.34375
0_105,6.417290537036024,0.3515625
0_42,7.228309069236275,0.359375
0_104,7.39256100775674,0.3671875
0_77,7.548310693004169,0.375
0_66,7.576783563068602,0.3828125
0_47,7.932297213352285,0.390625
0_103,8.516827235987876,0.3984375
0_91,8.535208960121963,0.40625
0_102,8.90431856707437,0.4140625
0_26,8.906671458680648,0.421875
0_61,9.037323463882785,0.4296875
0_97,9.15057480649557,0.4375
0_101,9.682230915757827,0.4453125
0_59,9.720632264274172,0.453125
0_37,10.103257687122095,0.4609375
0_106,10.131248405668885,0.46875
0_17,10.146487819962204,0.4765625
0_14,10.223414088890422,0.484375
0_73,10.501755823788699,0.4921875
0_90,10.504805796721485,0.5
0_20,10.552112129924353,0.5078125
0_98,10.558173161523882,0.515625
0_34,10.575419687665999,0.5234375
0_50,10.580977398960385,0.53125
0_95,10.63742187351454,0.5390625
0_94,11.082429964735638,0.546875
0_11,11.322580970649142,0.5546875
0_92,11.409321095386986,0.5625
0_74,11.543767322669737,0.5703125
0_1,11.556429233285598,0.578125
0_9,11.863010617613327,0.5859375
0_68,12.062961938150693,0.59375
0_93,12.294665712572169,0.6015625
0_86,12.299747636192478,0.609375
0_10,12.547029517649207,0.6171875
0_63,12.697504978743382,0.625
0_88,12.735831081459764,0.6328125
0_38,12.771784345037304,0.640625
0_29,13.0601382048917,0.6484375
0_79,13.174019087164197,0.65625
0_85,13.249153278477024,0.6640625
0_84,13.270188694354147,0.671875
0_40,13.413175674446393,0.6796875
0_23,13.490122068847995,0.6875
0_87,13.636747536540497,0.6953125
0_56,13.748140069539659,0.703125
0_49,13.77766421425622,0.7109375
0_24,14.000830111268442,0.71875
0_8,14.011206960538402,0.7265625
0_22,14.181326490594074,0.734375
0_15,14.317436336714309,0.7421875
0_80,14.322188877034932,0.75
0_83,14.438961761479732,0.7578125
0_7,15.196814801136497,0.765625
0_3,15.322922464925796,0.7734375
0_67,15.673043746151961,0.78125
0_76,16.394619709812105,0.7890625
0_75,16.432650068600196,0.796875
0_71,17.268906900426373,0.8046875
0_32,17.33026334247552,0.8125
0_64,17.565232109453063,0.8203125
0_30,17.65482053323649,0.828125
0_21,17.87316574167926,0.8359375
0_13,17.929263150377665,0.84375
0_6,17.988179214356933,0.8515625
0_0,18.32377378147794,0.859375
0_16,18.41371468087891,0.8671875
0_43,18.898027175921015,0.875
0_62,19.08859187574126,0.8828125
0_39,19.25552645843709,0.890625
0_12,19.439840453560464,0.8984375
0_31,19.496691460895818,0.90625
0_19,20.036606625653803,0.9140625
0_53,21.252270688477438,0.921875
0_52,21.476749344030395,0.9296875
0_5,21.59199028770672,0.9375
0_18,21.82859945553355,0.9453125
0_33,22.858844097179826,0.953125
0_27,23.5730395069113,0.9609375
0_44,23.864497892849613,0.96875
0_28,24.698401419562288,0.9765625
0_25,26.14147300866898,0.984375
0_2,30.940255324472673,0.9921875
0_4,34.34860626322916,1.0
